"id","title","description","date_created"
"1","start earlier","complete this to-do project","2024-12-23 16:11:09.093651"
"2","start earlier","complete this to-do project","2024-12-23 16:11:10.982771"
"3","start earlier","complete this to-do project","2024-12-23 16:11:11.150105"
"4","start earlier","complete this to-do project","2024-12-23 16:11:11.323491"
"5","start earlier","complete this to-do project","2024-12-23 16:11:11.530284"
"6","start earlier","complete this to-do project","2024-12-23 16:11:11.654718"
"7","start earlier","complete this to-do project","2024-12-23 16:11:11.834154"
"8","start earlier","complete this to-do project","2024-12-23 16:11:11.983169"
"9","start earlier","complete this to-do project","2024-12-23 16:11:12.118438"
"10","start earlier","complete this to-do project","2024-12-23 16:11:12.282858"
"11","start earlier","complete this to-do project","2024-12-23 16:11:12.424230"
"12","start earlier","complete this to-do project","2024-12-23 16:11:12.552243"
"13","start earlier","complete this to-do project","2024-12-23 16:11:12.691362"
"14","start earlier","complete this to-do project","2024-12-23 16:11:12.956891"
"15","start earlier","complete this to-do project","2024-12-23 16:11:13.108015"
"16","start earlier","complete this to-do project","2024-12-23 16:11:13.371516"
"17","start earlier","complete this to-do project","2024-12-23 16:11:13.540593"
"18","start earlier","complete this to-do project","2024-12-23 16:11:13.680210"
"19","start earlier","complete this to-do project","2024-12-23 16:11:13.833098"
"20","start earlier","complete this to-do project","2024-12-23 16:11:14.094187"
"21","start earlier","complete this to-do project","2024-12-23 16:11:14.226609"
"22","start earlier","complete this to-do project","2024-12-23 16:11:14.334445"
"23","start earlier","complete this to-do project","2024-12-23 16:15:28.756902"
"24","start earlier","complete this to-do project","2024-12-23 16:15:28.828661"
"25","start earlier","complete this to-do project","2024-12-23 16:15:30.407586"
"26","start earlier","complete this to-do project","2024-12-23 16:22:09.714394"
"27","start earlier","complete this to-do project","2024-12-23 16:22:13.632936"
"28","start earlier","complete this to-do project","2024-12-23 16:22:14.214788"
"29","start earlier","complete this to-do project","2024-12-23 16:22:14.371769"
"30","start earlier","complete this to-do project","2024-12-23 16:22:14.513951"
"31","start earlier","complete this to-do project","2024-12-23 16:22:14.676052"
"32","start earlier","complete this to-do project","2024-12-23 16:22:14.829566"
"33","start earlier","complete this to-do project","2024-12-23 16:22:15.118438"
"34","start earlier","complete this to-do project","2024-12-23 16:22:15.271359"
"35","start earlier","complete this to-do project","2024-12-23 16:22:15.414007"
"36","start earlier","complete this to-do project","2024-12-23 16:22:15.569798"
"37","start earlier","complete this to-do project","2024-12-23 16:22:15.726605"
"38","start earlier","complete this to-do project","2024-12-23 16:22:15.947249"
"39","start earlier","complete this to-do project","2024-12-23 16:23:18.121353"
"40","start earlier","complete this to-do project","2024-12-23 16:23:18.264988"
"41","start earlier","complete this to-do project","2024-12-23 16:23:18.422102"
"42","start earlier","complete this to-do project","2024-12-23 16:23:18.572171"
"43","start earlier","complete this to-do project","2024-12-23 16:23:18.714609"
"44","start earlier","complete this to-do project","2024-12-23 16:23:18.899997"
"45","start earlier","complete this to-do project","2024-12-23 16:23:19.057248"
"46","start earlier","complete this to-do project","2024-12-23 16:23:19.186237"
"47","start earlier","complete this to-do project","2024-12-23 16:23:19.342883"
"48","start earlier","complete this to-do project","2024-12-23 16:23:19.472557"
"49","start earlier","complete this to-do project","2024-12-23 16:23:19.636188"
"50","start earlier","complete this to-do project","2024-12-23 16:23:19.779665"
"51","start earlier","complete this to-do project","2024-12-23 16:23:19.922945"
"52","start earlier","complete this to-do project","2024-12-23 16:23:20.079687"
"53","start earlier","complete this to-do project","2024-12-23 16:23:20.223826"
"54","start earlier","complete this to-do project","2024-12-23 16:23:20.366893"
"55","start earlier","complete this to-do project","2024-12-23 16:23:20.593124"
"56","start earlier","complete this to-do project","2024-12-23 16:23:21.110637"
"57","start earlier","complete this to-do project","2024-12-23 16:23:21.260419"
"58","start earlier","complete this to-do project","2024-12-23 16:23:21.396319"
"59","start earlier","complete this to-do project","2024-12-23 16:23:21.483784"
"60","start earlier","complete this to-do project","2024-12-23 16:23:21.614229"
"61","start earlier","complete this to-do project","2024-12-23 16:23:21.819579"
"62","start earlier","complete this to-do project","2024-12-23 16:23:21.955606"
"63","start earlier","complete this to-do project","2024-12-23 16:23:22.074109"
"64","start earlier","complete this to-do project","2024-12-23 16:23:22.193792"
"65","start earlier","complete this to-do project","2024-12-23 16:23:22.309926"
"66","start earlier","complete this to-do project","2024-12-23 16:23:22.439526"
"67","start earlier","complete this to-do project","2024-12-23 16:23:22.576394"
"68","start earlier","complete this to-do project","2024-12-23 16:23:22.651082"
"69","start earlier","complete this to-do project","2024-12-23 16:23:22.705953"
"70","start earlier","complete this to-do project","2024-12-23 16:23:22.836516"
"71","start earlier","complete this to-do project","2024-12-23 16:23:22.951318"
"72","start earlier","complete this to-do project","2024-12-23 16:23:23.087695"
"73","start earlier","complete this to-do project","2024-12-23 16:23:23.204340"
"74","start earlier","complete this to-do project","2024-12-23 16:23:23.326933"
"75","start earlier","complete this to-do project","2024-12-23 16:23:23.436064"